Encounter.occurrenceID,Year,Encounter.mediaAsset1,Month,Day,Hour,Minutes,DecimalLatitude,DecimalLongitude,LocationDescription,Country,LocationID,Genus,Species,IndividualIDGrouperSpotter,IndividualNickname,Sex,VideoComments,ImageComments,Encounter.submitter.emailAddress,PhotographerFullName,Encounter.state,PhotographerEmail,Fish_Length,Distinguishing Features,Encounter.measurement2,LivingStatus,Lifestage,FishDepth,Behavior,TissueSampleID,Encounter.mediaAsset0.keywords,Encounter.mediaAsset1.keywords,mediaAsset0,mediaAsset1
GMP_021015_morning_20cmlasers_brice_1_2015_2_10,2015,,2,10,9.0,,19.64998,-80.12083,West End Little Cayman FSA,Cayman Islands,West End Little Cayman FSA,Epinephelus ,striatus,,,,,,GrouperMoonProject@REEF.org,Brice,,grouperspotter@REEF.org,,,,alive,adult,,,,,,GMP_021015_morning_20cmlasers_brice_1__00_09_29_00__2276_ID139_box2441.jpg,
GMP_021015_morning_20cmlasers_brice_2_2015_2_10,2015,,2,10,9.0,,19.64998,-80.12083,West End Little Cayman FSA,Cayman Islands,West End Little Cayman FSA,Epinephelus ,striatus,,,,,,GrouperMoonProject@REEF.org,Brice,,grouperspotter@REEF.org,,,,alive,adult,,,,,,GMP_021015_morning_20cmlasers_brice_2__00_04_54_250__1177_ID140_box1459.jpg,
GMP_021015_afternoon_25cmlasers_leslie_1_2015_2_10,2015,,2,10,13.0,,19.64998,-80.12083,West End Little Cayman FSA,Cayman Islands,West End Little Cayman FSA,Epinephelus ,striatus,,,,,,GrouperMoonProject@REEF.org,Leslie,,grouperspotter@REEF.org,,,,alive,adult,,,,,,GMP_021015_afternoon_25cmlasers_leslie_1__00_00_00_250__1_ID0_box0.jpg,
GMP_021015_afternoon_25cmlasers_leslie_1_2015_2_10,2015,,2,10,13.0,,19.64998,-80.12083,West End Little Cayman FSA,Cayman Islands,West End Little Cayman FSA,Epinephelus ,striatus,,,,,,GrouperMoonProject@REEF.org,Leslie,,grouperspotter@REEF.org,,,,alive,adult,,,,,,GMP_021015_afternoon_25cmlasers_leslie_1__00_00_03_00__12_ID4_box23.jpg,
GMP_021015_afternoon_25cmlasers_leslie_1_2015_2_10,2015,,2,10,13.0,,19.64998,-80.12083,West End Little Cayman FSA,Cayman Islands,West End Little Cayman FSA,Epinephelus ,striatus,,,,,,GrouperMoonProject@REEF.org,Leslie,,grouperspotter@REEF.org,,,,alive,adult,,,,,,GMP_021015_afternoon_25cmlasers_leslie_1__00_00_05_00__20_ID6_box34.jpg,
GMP_021015_afternoon_25cmlasers_leslie_1_2015_2_10,2015,,2,10,13.0,,19.64998,-80.12083,West End Little Cayman FSA,Cayman Islands,West End Little Cayman FSA,Epinephelus ,striatus,,,,,,GrouperMoonProject@REEF.org,Leslie,,grouperspotter@REEF.org,,,,alive,adult,,,,,,GMP_021015_afternoon_25cmlasers_leslie_1__00_00_05_750__23_ID8_box40.jpg,
GMP_021015_afternoon_25cmlasers_leslie_1_2015_2_10,2015,,2,10,13.0,,19.64998,-80.12083,West End Little Cayman FSA,Cayman Islands,West End Little Cayman FSA,Epinephelus ,striatus,,,,,,GrouperMoonProject@REEF.org,Leslie,,grouperspotter@REEF.org,,,,alive,adult,,,,,,GMP_021015_afternoon_25cmlasers_leslie_1__00_00_13_750__55_ID17_box107.jpg,
GMP_021015_afternoon_25cmlasers_leslie_1_2015_2_10,2015,,2,10,13.0,,19.64998,-80.12083,West End Little Cayman FSA,Cayman Islands,West End Little Cayman FSA,Epinephelus ,striatus,,,,,,GrouperMoonProject@REEF.org,Leslie,,grouperspotter@REEF.org,,,,alive,adult,,,,,,GMP_021015_afternoon_25cmlasers_leslie_1__00_00_20_500__82_ID18_box152.jpg,
GMP_021015_afternoon_25cmlasers_leslie_1_2015_2_10,2015,,2,10,13.0,,19.64998,-80.12083,West End Little Cayman FSA,Cayman Islands,West End Little Cayman FSA,Epinephelus ,striatus,,,,,,GrouperMoonProject@REEF.org,Leslie,,grouperspotter@REEF.org,,,,alive,adult,,,,,,GMP_021015_afternoon_25cmlasers_leslie_1__00_00_26_500__106_ID28_box185.jpg,
GMP_021015_afternoon_25cmlasers_leslie_1_2015_2_10,2015,,2,10,13.0,,19.64998,-80.12083,West End Little Cayman FSA,Cayman Islands,West End Little Cayman FSA,Epinephelus ,striatus,,,,,,GrouperMoonProject@REEF.org,Leslie,,grouperspotter@REEF.org,,,,alive,adult,,,,,,GMP_021015_afternoon_25cmlasers_leslie_1__00_00_52_250__209_ID42_box317.jpg,
GMP_021015_afternoon_25cmlasers_leslie_1_2015_2_10,2015,,2,10,13.0,,19.64998,-80.12083,West End Little Cayman FSA,Cayman Islands,West End Little Cayman FSA,Epinephelus ,striatus,,,,,,GrouperMoonProject@REEF.org,Leslie,,grouperspotter@REEF.org,,,,alive,adult,,,,,,GMP_021015_afternoon_25cmlasers_leslie_1__00_00_59_00__236_ID48_box362.jpg,
GMP_021015_afternoon_25cmlasers_leslie_1_2015_2_10,2015,,2,10,13.0,,19.64998,-80.12083,West End Little Cayman FSA,Cayman Islands,West End Little Cayman FSA,Epinephelus ,striatus,,,,,,GrouperMoonProject@REEF.org,Leslie,,grouperspotter@REEF.org,,,,alive,adult,,,,,,GMP_021015_afternoon_25cmlasers_leslie_1__00_01_02_750__251_ID58_box391.jpg,
GMP_021015_afternoon_25cmlasers_leslie_1_2015_2_10,2015,,2,10,13.0,,19.64998,-80.12083,West End Little Cayman FSA,Cayman Islands,West End Little Cayman FSA,Epinephelus ,striatus,,,,,,GrouperMoonProject@REEF.org,Leslie,,grouperspotter@REEF.org,,,,alive,adult,,,,,,GMP_021015_afternoon_25cmlasers_leslie_1__00_01_04_500__258_ID61_box398.jpg,
GMP_021015_afternoon_25cmlasers_leslie_1_2015_2_10,2015,,2,10,13.0,,19.64998,-80.12083,West End Little Cayman FSA,Cayman Islands,West End Little Cayman FSA,Epinephelus ,striatus,,,,,,GrouperMoonProject@REEF.org,Leslie,,grouperspotter@REEF.org,,,,alive,adult,,,,,,GMP_021015_afternoon_25cmlasers_leslie_1__00_01_11_00__284_ID69_box440.jpg,
GMP_021015_afternoon_25cmlasers_leslie_1_2015_2_10,2015,,2,10,13.0,,19.64998,-80.12083,West End Little Cayman FSA,Cayman Islands,West End Little Cayman FSA,Epinephelus ,striatus,,,,,,GrouperMoonProject@REEF.org,Leslie,,grouperspotter@REEF.org,,,,alive,adult,,,,,,GMP_021015_afternoon_25cmlasers_leslie_1__00_02_18_00__552_ID114_box777.jpg,
GMP_021015_afternoon_25cmlasers_leslie_1_2015_2_10,2015,,2,10,13.0,,19.64998,-80.12083,West End Little Cayman FSA,Cayman Islands,West End Little Cayman FSA,Epinephelus ,striatus,,,,,,GrouperMoonProject@REEF.org,Leslie,,grouperspotter@REEF.org,,,,alive,adult,,,,,,GMP_021015_afternoon_25cmlasers_leslie_1__00_02_20_500__562_ID116_box788.jpg,
GMP_021015_afternoon_25cmlasers_leslie_1_2015_2_10,2015,,2,10,13.0,,19.64998,-80.12083,West End Little Cayman FSA,Cayman Islands,West End Little Cayman FSA,Epinephelus ,striatus,,,,,,GrouperMoonProject@REEF.org,Leslie,,grouperspotter@REEF.org,,,,alive,adult,,,,,,GMP_021015_afternoon_25cmlasers_leslie_1__00_02_41_250__645_ID127_box895.jpg,
GMP_021015_afternoon_25cmlasers_leslie_1_2015_2_10,2015,,2,10,13.0,,19.64998,-80.12083,West End Little Cayman FSA,Cayman Islands,West End Little Cayman FSA,Epinephelus ,striatus,,,,,,GrouperMoonProject@REEF.org,Leslie,,grouperspotter@REEF.org,,,,alive,adult,,,,,,GMP_021015_afternoon_25cmlasers_leslie_1__00_02_47_500__670_ID128_box937.jpg,
GMP_021015_afternoon_25cmlasers_leslie_1_2015_2_10,2015,,2,10,13.0,,19.64998,-80.12083,West End Little Cayman FSA,Cayman Islands,West End Little Cayman FSA,Epinephelus ,striatus,,,,,,GrouperMoonProject@REEF.org,Leslie,,grouperspotter@REEF.org,,,,alive,adult,,,,,,GMP_021015_afternoon_25cmlasers_leslie_1__00_03_25_500__822_ID157_box1107.jpg,
GMP_021015_afternoon_25cmlasers_leslie_1_2015_2_10,2015,,2,10,13.0,,19.64998,-80.12083,West End Little Cayman FSA,Cayman Islands,West End Little Cayman FSA,Epinephelus ,striatus,,,,,,GrouperMoonProject@REEF.org,Leslie,,grouperspotter@REEF.org,,,,alive,adult,,,,,,GMP_021015_afternoon_25cmlasers_leslie_1__00_03_51_250__925_ID185_box1237.jpg,
GMP_021015_afternoon_25cmlasers_leslie_1_2015_2_10,2015,,2,10,13.0,,19.64998,-80.12083,West End Little Cayman FSA,Cayman Islands,West End Little Cayman FSA,Epinephelus ,striatus,,,,,,GrouperMoonProject@REEF.org,Leslie,,grouperspotter@REEF.org,,,,alive,adult,,,,,,GMP_021015_afternoon_25cmlasers_leslie_1__00_04_57_00__1188_ID278_box1636.jpg,
GMP_021015_afternoon_25cmlasers_leslie_1_2015_2_10,2015,,2,10,13.0,,19.64998,-80.12083,West End Little Cayman FSA,Cayman Islands,West End Little Cayman FSA,Epinephelus ,striatus,,,,,,GrouperMoonProject@REEF.org,Leslie,,grouperspotter@REEF.org,,,,alive,adult,,,,,,GMP_021015_afternoon_25cmlasers_leslie_1__00_05_31_00__1324_ID316_box1809.jpg,
GMP_021015_afternoon_25cmlasers_leslie_1_2015_2_10,2015,,2,10,13.0,,19.64998,-80.12083,West End Little Cayman FSA,Cayman Islands,West End Little Cayman FSA,Epinephelus ,striatus,,,,,,GrouperMoonProject@REEF.org,Leslie,,grouperspotter@REEF.org,,,,alive,adult,,,,,,GMP_021015_afternoon_25cmlasers_leslie_1__00_05_34_750__1339_ID320_box1830.jpg,
GMP_021015_afternoon_25cmlasers_leslie_1_2015_2_10,2015,,2,10,13.0,,19.64998,-80.12083,West End Little Cayman FSA,Cayman Islands,West End Little Cayman FSA,Epinephelus ,striatus,,,,,,GrouperMoonProject@REEF.org,Leslie,,grouperspotter@REEF.org,,,,alive,adult,,,,,,GMP_021015_afternoon_25cmlasers_leslie_1__00_05_44_750__1379_ID329_box1899.jpg,
GMP_021015_afternoon_25cmlasers_leslie_1_2015_2_10,2015,,2,10,13.0,,19.64998,-80.12083,West End Little Cayman FSA,Cayman Islands,West End Little Cayman FSA,Epinephelus ,striatus,,,,,,GrouperMoonProject@REEF.org,Leslie,,grouperspotter@REEF.org,,,,alive,adult,,,,,,GMP_021015_afternoon_25cmlasers_leslie_1__00_05_53_500__1414_ID341_box1982.jpg,
GMP_021015_afternoon_25cmlasers_leslie_1_2015_2_10,2015,,2,10,13.0,,19.64998,-80.12083,West End Little Cayman FSA,Cayman Islands,West End Little Cayman FSA,Epinephelus ,striatus,,,,,,GrouperMoonProject@REEF.org,Leslie,,grouperspotter@REEF.org,,,,alive,adult,,,,,,GMP_021015_afternoon_25cmlasers_leslie_1__00_06_08_500__1474_ID346_box2068.jpg,
GMP_021015_afternoon_25cmlasers_leslie_1_2015_2_10,2015,,2,10,13.0,,19.64998,-80.12083,West End Little Cayman FSA,Cayman Islands,West End Little Cayman FSA,Epinephelus ,striatus,,,,,,GrouperMoonProject@REEF.org,Leslie,,grouperspotter@REEF.org,,,,alive,adult,,,,,,GMP_021015_afternoon_25cmlasers_leslie_1__00_06_38_250__1593_ID363_box2211.jpg,
GMP_021015_afternoon_25cmlasers_leslie_1_2015_2_10,2015,,2,10,13.0,,19.64998,-80.12083,West End Little Cayman FSA,Cayman Islands,West End Little Cayman FSA,Epinephelus ,striatus,,,,,,GrouperMoonProject@REEF.org,Leslie,,grouperspotter@REEF.org,,,,alive,adult,,,,,,GMP_021015_afternoon_25cmlasers_leslie_1__00_06_42_250__1609_ID365_box2230.jpg,
GMP_021015_afternoon_25cmlasers_leslie_1_2015_2_10,2015,,2,10,13.0,,19.64998,-80.12083,West End Little Cayman FSA,Cayman Islands,West End Little Cayman FSA,Epinephelus ,striatus,,,,,,GrouperMoonProject@REEF.org,Leslie,,grouperspotter@REEF.org,,,,alive,adult,,,,,,GMP_021015_afternoon_25cmlasers_leslie_1__00_07_02_500__1690_ID379_box2347.jpg,
GMP_021015_afternoon_25cmlasers_leslie_1_2015_2_10,2015,,2,10,13.0,,19.64998,-80.12083,West End Little Cayman FSA,Cayman Islands,West End Little Cayman FSA,Epinephelus ,striatus,,,,,,GrouperMoonProject@REEF.org,Leslie,,grouperspotter@REEF.org,,,,alive,adult,,,,,,GMP_021015_afternoon_25cmlasers_leslie_1__00_07_06_500__1706_ID382_box2383.jpg,
GMP_021015_afternoon_25cmlasers_leslie_1_2015_2_10,2015,,2,10,13.0,,19.64998,-80.12083,West End Little Cayman FSA,Cayman Islands,West End Little Cayman FSA,Epinephelus ,striatus,,,,,,GrouperMoonProject@REEF.org,Leslie,,grouperspotter@REEF.org,,,,alive,adult,,,,,,GMP_021015_afternoon_25cmlasers_leslie_1__00_07_49_500__1878_ID428_box2590.jpg,
GMP_021015_afternoon_25cmlasers_leslie_1_2015_2_10,2015,,2,10,13.0,,19.64998,-80.12083,West End Little Cayman FSA,Cayman Islands,West End Little Cayman FSA,Epinephelus ,striatus,,,,,,GrouperMoonProject@REEF.org,Leslie,,grouperspotter@REEF.org,,,,alive,adult,,,,,,GMP_021015_afternoon_25cmlasers_leslie_1__00_08_39_750__2079_ID474_box2917.jpg,
GMP_021015_afternoon_25cmlasers_leslie_1_2015_2_10,2015,,2,10,13.0,,19.64998,-80.12083,West End Little Cayman FSA,Cayman Islands,West End Little Cayman FSA,Epinephelus ,striatus,,,,,,GrouperMoonProject@REEF.org,Leslie,,grouperspotter@REEF.org,,,,alive,adult,,,,,,GMP_021015_afternoon_25cmlasers_leslie_1__00_08_42_250__2089_ID485_box2949.jpg,
GMP_021015_afternoon_25cmlasers_leslie_1_2015_2_10,2015,,2,10,13.0,,19.64998,-80.12083,West End Little Cayman FSA,Cayman Islands,West End Little Cayman FSA,Epinephelus ,striatus,,,,,,GrouperMoonProject@REEF.org,Leslie,,grouperspotter@REEF.org,,,,alive,adult,,,,,,GMP_021015_afternoon_25cmlasers_leslie_1__00_08_44_00__2096_ID486_box2976.jpg,
GMP_021015_afternoon_25cmlasers_leslie_1_2015_2_10,2015,,2,10,13.0,,19.64998,-80.12083,West End Little Cayman FSA,Cayman Islands,West End Little Cayman FSA,Epinephelus ,striatus,,,,,,GrouperMoonProject@REEF.org,Leslie,,grouperspotter@REEF.org,,,,alive,adult,,,,,,GMP_021015_afternoon_25cmlasers_leslie_1__00_08_47_500__2110_ID488_box3013.jpg,
GMP_021015_afternoon_25cmlasers_leslie_1_2015_2_10,2015,,2,10,13.0,,19.64998,-80.12083,West End Little Cayman FSA,Cayman Islands,West End Little Cayman FSA,Epinephelus ,striatus,,,,,,GrouperMoonProject@REEF.org,Leslie,,grouperspotter@REEF.org,,,,alive,adult,,,,,,GMP_021015_afternoon_25cmlasers_leslie_1__00_08_50_00__2120_ID496_box3040.jpg,
GMP_021015_afternoon_25cmlasers_leslie_1_2015_2_10,2015,,2,10,13.0,,19.64998,-80.12083,West End Little Cayman FSA,Cayman Islands,West End Little Cayman FSA,Epinephelus ,striatus,,,,,,GrouperMoonProject@REEF.org,Leslie,,grouperspotter@REEF.org,,,,alive,adult,,,,,,GMP_021015_afternoon_25cmlasers_leslie_1__00_08_52_00__2128_ID500_box3052.jpg,
GMP_021015_afternoon_25cmlasers_leslie_1_2015_2_10,2015,,2,10,13.0,,19.64998,-80.12083,West End Little Cayman FSA,Cayman Islands,West End Little Cayman FSA,Epinephelus ,striatus,,,,,,GrouperMoonProject@REEF.org,Leslie,,grouperspotter@REEF.org,,,,alive,adult,,,,,,GMP_021015_afternoon_25cmlasers_leslie_1__00_08_54_500__2138_ID501_box3063.jpg,
GMP_021015_afternoon_25cmlasers_leslie_1_2015_2_10,2015,,2,10,13.0,,19.64998,-80.12083,West End Little Cayman FSA,Cayman Islands,West End Little Cayman FSA,Epinephelus ,striatus,,,,,,GrouperMoonProject@REEF.org,Leslie,,grouperspotter@REEF.org,,,,alive,adult,,,,,,GMP_021015_afternoon_25cmlasers_leslie_1__00_08_57_250__2149_ID501_box3083.jpg,
GMP_021015_afternoon_25cmlasers_leslie_2_2015_2_10,2015,,2,10,13.0,,19.64998,-80.12083,West End Little Cayman FSA,Cayman Islands,West End Little Cayman FSA,Epinephelus ,striatus,,,,,,GrouperMoonProject@REEF.org,Leslie,,grouperspotter@REEF.org,,,,alive,adult,,,,,,GMP_021015_afternoon_25cmlasers_leslie_2__00_00_45_00__180_ID21_box211.jpg,
GMP_021015_afternoon_25cmlasers_leslie_2_2015_2_10,2015,,2,10,13.0,,19.64998,-80.12083,West End Little Cayman FSA,Cayman Islands,West End Little Cayman FSA,Epinephelus ,striatus,,,,,,GrouperMoonProject@REEF.org,Leslie,,grouperspotter@REEF.org,,,,alive,adult,,,,,,GMP_021015_afternoon_25cmlasers_leslie_2__00_00_52_00__208_ID33_box255.jpg,
GMP_021015_afternoon_25cmlasers_leslie_2_2015_2_10,2015,,2,10,13.0,,19.64998,-80.12083,West End Little Cayman FSA,Cayman Islands,West End Little Cayman FSA,Epinephelus ,striatus,,,,,,GrouperMoonProject@REEF.org,Leslie,,grouperspotter@REEF.org,,,,alive,adult,,,,,,GMP_021015_afternoon_25cmlasers_leslie_2__00_01_21_00__324_ID54_box401.jpg,
GMP_021015_afternoon_25cmlasers_leslie_2_2015_2_10,2015,,2,10,13.0,,19.64998,-80.12083,West End Little Cayman FSA,Cayman Islands,West End Little Cayman FSA,Epinephelus ,striatus,,,,,,GrouperMoonProject@REEF.org,Leslie,,grouperspotter@REEF.org,,,,alive,adult,,,,,,GMP_021015_afternoon_25cmlasers_leslie_2__00_01_23_500__334_ID55_box414.jpg,
GMP_021015_afternoon_25cmlasers_leslie_2_2015_2_10,2015,,2,10,13.0,,19.64998,-80.12083,West End Little Cayman FSA,Cayman Islands,West End Little Cayman FSA,Epinephelus ,striatus,,,,,,GrouperMoonProject@REEF.org,Leslie,,grouperspotter@REEF.org,,,,alive,adult,,,,,,GMP_021015_afternoon_25cmlasers_leslie_2__00_01_32_00__368_ID61_box453.jpg,
GMP_021015_afternoon_25cmlasers_leslie_2_2015_2_10,2015,,2,10,13.0,,19.64998,-80.12083,West End Little Cayman FSA,Cayman Islands,West End Little Cayman FSA,Epinephelus ,striatus,,,,,,GrouperMoonProject@REEF.org,Leslie,,grouperspotter@REEF.org,,,,alive,adult,,,,,,GMP_021015_afternoon_25cmlasers_leslie_2__00_01_41_00__404_ID64_box489.jpg,
GMP_021015_afternoon_25cmlasers_leslie_2_2015_2_10,2015,,2,10,13.0,,19.64998,-80.12083,West End Little Cayman FSA,Cayman Islands,West End Little Cayman FSA,Epinephelus ,striatus,,,,,,GrouperMoonProject@REEF.org,Leslie,,grouperspotter@REEF.org,,,,alive,adult,,,,,,GMP_021015_afternoon_25cmlasers_leslie_2__00_02_55_00__700_ID122_box861.jpg,
GMP_021015_afternoon_25cmlasers_leslie_2_2015_2_10,2015,,2,10,13.0,,19.64998,-80.12083,West End Little Cayman FSA,Cayman Islands,West End Little Cayman FSA,Epinephelus ,striatus,,,,,,GrouperMoonProject@REEF.org,Leslie,,grouperspotter@REEF.org,,,,alive,adult,,,,,,GMP_021015_afternoon_25cmlasers_leslie_2__00_03_00_500__722_ID130_box887.jpg,
GMP_021015_afternoon_25cmlasers_leslie_2_2015_2_10,2015,,2,10,13.0,,19.64998,-80.12083,West End Little Cayman FSA,Cayman Islands,West End Little Cayman FSA,Epinephelus ,striatus,,,,,,GrouperMoonProject@REEF.org,Leslie,,grouperspotter@REEF.org,,,,alive,adult,,,,,,GMP_021015_afternoon_25cmlasers_leslie_2__00_03_16_500__786_ID135_box969.jpg,
GMP_021015_afternoon_25cmlasers_leslie_2_2015_2_10,2015,,2,10,13.0,,19.64998,-80.12083,West End Little Cayman FSA,Cayman Islands,West End Little Cayman FSA,Epinephelus ,striatus,,,,,,GrouperMoonProject@REEF.org,Leslie,,grouperspotter@REEF.org,,,,alive,adult,,,,,,GMP_021015_afternoon_25cmlasers_leslie_2__00_03_22_500__810_ID138_box1003.jpg,
GMP_021015_afternoon_25cmlasers_leslie_2_2015_2_10,2015,,2,10,13.0,,19.64998,-80.12083,West End Little Cayman FSA,Cayman Islands,West End Little Cayman FSA,Epinephelus ,striatus,,,,,,GrouperMoonProject@REEF.org,Leslie,,grouperspotter@REEF.org,,,,alive,adult,,,,,,GMP_021015_afternoon_25cmlasers_leslie_2__00_03_29_500__838_ID146_box1063.jpg,
GMP_021015_afternoon_25cmlasers_leslie_2_2015_2_10,2015,,2,10,13.0,,19.64998,-80.12083,West End Little Cayman FSA,Cayman Islands,West End Little Cayman FSA,Epinephelus ,striatus,,,,,,GrouperMoonProject@REEF.org,Leslie,,grouperspotter@REEF.org,,,,alive,adult,,,,,,GMP_021015_afternoon_25cmlasers_leslie_2__00_04_02_750__971_ID186_box1334.jpg,
GMP_021015_afternoon_25cmlasers_leslie_2_2015_2_10,2015,,2,10,13.0,,19.64998,-80.12083,West End Little Cayman FSA,Cayman Islands,West End Little Cayman FSA,Epinephelus ,striatus,,,,,,GrouperMoonProject@REEF.org,Leslie,,grouperspotter@REEF.org,,,,alive,adult,,,,,,GMP_021015_afternoon_25cmlasers_leslie_2__00_04_20_500__1042_ID202_box1434.jpg,
GMP_021015_afternoon_25cmlasers_leslie_2_2015_2_10,2015,,2,10,13.0,,19.64998,-80.12083,West End Little Cayman FSA,Cayman Islands,West End Little Cayman FSA,Epinephelus ,striatus,,,,,,GrouperMoonProject@REEF.org,Leslie,,grouperspotter@REEF.org,,,,alive,adult,,,,,,GMP_021015_afternoon_25cmlasers_leslie_2__00_04_23_00__1052_ID209_box1462.jpg,
GMP_021015_afternoon_25cmlasers_leslie_2_2015_2_10,2015,,2,10,13.0,,19.64998,-80.12083,West End Little Cayman FSA,Cayman Islands,West End Little Cayman FSA,Epinephelus ,striatus,,,,,,GrouperMoonProject@REEF.org,Leslie,,grouperspotter@REEF.org,,,,alive,adult,,,,,,GMP_021015_afternoon_25cmlasers_leslie_2__00_04_48_750__1155_ID258_box1745.jpg,
GMP_021015_afternoon_25cmlasers_leslie_2_2015_2_10,2015,,2,10,13.0,,19.64998,-80.12083,West End Little Cayman FSA,Cayman Islands,West End Little Cayman FSA,Epinephelus ,striatus,,,,,,GrouperMoonProject@REEF.org,Leslie,,grouperspotter@REEF.org,,,,alive,adult,,,,,,GMP_021015_afternoon_25cmlasers_leslie_2__00_05_07_500__1230_ID293_box1894.jpg,
GMP_021015_afternoon_25cmlasers_leslie_2_2015_2_10,2015,,2,10,13.0,,19.64998,-80.12083,West End Little Cayman FSA,Cayman Islands,West End Little Cayman FSA,Epinephelus ,striatus,,,,,,GrouperMoonProject@REEF.org,Leslie,,grouperspotter@REEF.org,,,,alive,adult,,,,,,GMP_021015_afternoon_25cmlasers_leslie_2__00_05_08_250__1233_ID292_box1905.jpg,
GMP_021015_afternoon_25cmlasers_leslie_2_2015_2_10,2015,,2,10,13.0,,19.64998,-80.12083,West End Little Cayman FSA,Cayman Islands,West End Little Cayman FSA,Epinephelus ,striatus,,,,,,GrouperMoonProject@REEF.org,Leslie,,grouperspotter@REEF.org,,,,alive,adult,,,,,,GMP_021015_afternoon_25cmlasers_leslie_2__00_05_15_500__1262_ID298_box1959.jpg,
GMP_021015_afternoon_25cmlasers_leslie_2_2015_2_10,2015,,2,10,13.0,,19.64998,-80.12083,West End Little Cayman FSA,Cayman Islands,West End Little Cayman FSA,Epinephelus ,striatus,,,,,,GrouperMoonProject@REEF.org,Leslie,,grouperspotter@REEF.org,,,,alive,adult,,,,,,GMP_021015_afternoon_25cmlasers_leslie_2__00_05_25_500__1302_ID311_box2022.jpg,
GMP_021015_afternoon_25cmlasers_leslie_2_2015_2_10,2015,,2,10,13.0,,19.64998,-80.12083,West End Little Cayman FSA,Cayman Islands,West End Little Cayman FSA,Epinephelus ,striatus,,,,,,GrouperMoonProject@REEF.org,Leslie,,grouperspotter@REEF.org,,,,alive,adult,,,,,,GMP_021015_afternoon_25cmlasers_leslie_2__00_05_31_750__1327_ID314_box2047.jpg,
GMP_021015_afternoon_25cmlasers_leslie_2_2015_2_10,2015,,2,10,13.0,,19.64998,-80.12083,West End Little Cayman FSA,Cayman Islands,West End Little Cayman FSA,Epinephelus ,striatus,,,,,,GrouperMoonProject@REEF.org,Leslie,,grouperspotter@REEF.org,,,,alive,adult,,,,,,GMP_021015_afternoon_25cmlasers_leslie_2__00_05_35_500__1342_ID315_box2065.jpg,
GMP_021015_afternoon_25cmlasers_leslie_2_2015_2_10,2015,,2,10,13.0,,19.64998,-80.12083,West End Little Cayman FSA,Cayman Islands,West End Little Cayman FSA,Epinephelus ,striatus,,,,,,GrouperMoonProject@REEF.org,Leslie,,grouperspotter@REEF.org,,,,alive,adult,,,,,,GMP_021015_afternoon_25cmlasers_leslie_2__00_05_58_750__1435_ID334_box2183.jpg,
GMP_021015_afternoon_25cmlasers_leslie_2_2015_2_10,2015,,2,10,13.0,,19.64998,-80.12083,West End Little Cayman FSA,Cayman Islands,West End Little Cayman FSA,Epinephelus ,striatus,,,,,,GrouperMoonProject@REEF.org,Leslie,,grouperspotter@REEF.org,,,,alive,adult,,,,,,GMP_021015_afternoon_25cmlasers_leslie_2__00_06_19_750__1519_ID348_box2289.jpg,
GMP_021015_afternoon_25cmlasers_leslie_2_2015_2_10,2015,,2,10,13.0,,19.64998,-80.12083,West End Little Cayman FSA,Cayman Islands,West End Little Cayman FSA,Epinephelus ,striatus,,,,,,GrouperMoonProject@REEF.org,Leslie,,grouperspotter@REEF.org,,,,alive,adult,,,,,,GMP_021015_afternoon_25cmlasers_leslie_2__00_06_58_250__1673_ID369_box2476.jpg,
GMP_021015_afternoon_25cmlasers_leslie_2_2015_2_10,2015,,2,10,13.0,,19.64998,-80.12083,West End Little Cayman FSA,Cayman Islands,West End Little Cayman FSA,Epinephelus ,striatus,,,,,,GrouperMoonProject@REEF.org,Leslie,,grouperspotter@REEF.org,,,,alive,adult,,,,,,GMP_021015_afternoon_25cmlasers_leslie_2__00_07_05_500__1702_ID371_box2531.jpg,
GMP_021015_afternoon_25cmlasers_leslie_2_2015_2_10,2015,,2,10,13.0,,19.64998,-80.12083,West End Little Cayman FSA,Cayman Islands,West End Little Cayman FSA,Epinephelus ,striatus,,,,,,GrouperMoonProject@REEF.org,Leslie,,grouperspotter@REEF.org,,,,alive,adult,,,,,,GMP_021015_afternoon_25cmlasers_leslie_2__00_07_18_00__1752_ID408_box2679.jpg,
GMP_021015_afternoon_25cmlasers_leslie_2_2015_2_10,2015,,2,10,13.0,,19.64998,-80.12083,West End Little Cayman FSA,Cayman Islands,West End Little Cayman FSA,Epinephelus ,striatus,,,,,,GrouperMoonProject@REEF.org,Leslie,,grouperspotter@REEF.org,,,,alive,adult,,,,,,GMP_021015_afternoon_25cmlasers_leslie_2__00_07_20_00__1760_ID389_box2704.jpg,
GMP_021015_afternoon_25cmlasers_leslie_2_2015_2_10,2015,,2,10,13.0,,19.64998,-80.12083,West End Little Cayman FSA,Cayman Islands,West End Little Cayman FSA,Epinephelus ,striatus,,,,,,GrouperMoonProject@REEF.org,Leslie,,grouperspotter@REEF.org,,,,alive,adult,,,,,,GMP_021015_afternoon_25cmlasers_leslie_2__00_07_32_250__1809_ID427_box2817.jpg,
GMP_021015_afternoon_25cmlasers_leslie_2_2015_2_10,2015,,2,10,13.0,,19.64998,-80.12083,West End Little Cayman FSA,Cayman Islands,West End Little Cayman FSA,Epinephelus ,striatus,,,,,,GrouperMoonProject@REEF.org,Leslie,,grouperspotter@REEF.org,,,,alive,adult,,,,,,GMP_021015_afternoon_25cmlasers_leslie_2__00_07_46_750__1867_ID445_box2913.jpg,
GMP_021015_afternoon_25cmlasers_leslie_2_2015_2_10,2015,,2,10,13.0,,19.64998,-80.12083,West End Little Cayman FSA,Cayman Islands,West End Little Cayman FSA,Epinephelus ,striatus,,,,,,GrouperMoonProject@REEF.org,Leslie,,grouperspotter@REEF.org,,,,alive,adult,,,,,,GMP_021015_afternoon_25cmlasers_leslie_2__00_07_59_500__1918_ID461_box3076.jpg,
GMP_021015_afternoon_25cmlasers_leslie_2_2015_2_10,2015,,2,10,13.0,,19.64998,-80.12083,West End Little Cayman FSA,Cayman Islands,West End Little Cayman FSA,Epinephelus ,striatus,,,,,,GrouperMoonProject@REEF.org,Leslie,,grouperspotter@REEF.org,,,,alive,adult,,,,,,GMP_021015_afternoon_25cmlasers_leslie_2__00_08_04_250__1937_ID468_box3123.jpg,
GMP_021015_afternoon_25cmlasers_leslie_2_2015_2_10,2015,,2,10,13.0,,19.64998,-80.12083,West End Little Cayman FSA,Cayman Islands,West End Little Cayman FSA,Epinephelus ,striatus,,,,,,GrouperMoonProject@REEF.org,Leslie,,grouperspotter@REEF.org,,,,alive,adult,,,,,,GMP_021015_afternoon_25cmlasers_leslie_2__00_08_07_250__1949_ID470_box3156.jpg,
GMP_021015_afternoon_25cmlasers_leslie_3_2015_2_10,2015,,2,10,13.0,,19.64998,-80.12083,West End Little Cayman FSA,Cayman Islands,West End Little Cayman FSA,Epinephelus ,striatus,,,,,,GrouperMoonProject@REEF.org,Leslie,,grouperspotter@REEF.org,,,,alive,adult,,,,,,GMP_021015_afternoon_25cmlasers_leslie_3__00_00_08_00__32_ID14_box93.jpg,
GMP_021015_afternoon_25cmlasers_leslie_3_2015_2_10,2015,,2,10,13.0,,19.64998,-80.12083,West End Little Cayman FSA,Cayman Islands,West End Little Cayman FSA,Epinephelus ,striatus,,,,,,GrouperMoonProject@REEF.org,Leslie,,grouperspotter@REEF.org,,,,alive,adult,,,,,,GMP_021015_afternoon_25cmlasers_leslie_3__00_00_12_250__49_ID16_box129.jpg,
GMP_021015_afternoon_25cmlasers_leslie_3_2015_2_10,2015,,2,10,13.0,,19.64998,-80.12083,West End Little Cayman FSA,Cayman Islands,West End Little Cayman FSA,Epinephelus ,striatus,,,,,,GrouperMoonProject@REEF.org,Leslie,,grouperspotter@REEF.org,,,,alive,adult,,,,,,GMP_021015_afternoon_25cmlasers_leslie_3__00_00_14_500__58_ID21_box142.jpg,
GMP_021015_afternoon_25cmlasers_leslie_3_2015_2_10,2015,,2,10,13.0,,19.64998,-80.12083,West End Little Cayman FSA,Cayman Islands,West End Little Cayman FSA,Epinephelus ,striatus,,,,,,GrouperMoonProject@REEF.org,Leslie,,grouperspotter@REEF.org,,,,alive,adult,,,,,,GMP_021015_afternoon_25cmlasers_leslie_3__00_00_18_500__74_ID24_box164.jpg,
GMP_021015_afternoon_25cmlasers_leslie_3_2015_2_10,2015,,2,10,13.0,,19.64998,-80.12083,West End Little Cayman FSA,Cayman Islands,West End Little Cayman FSA,Epinephelus ,striatus,,,,,,GrouperMoonProject@REEF.org,Leslie,,grouperspotter@REEF.org,,,,alive,adult,,,,,,GMP_021015_afternoon_25cmlasers_leslie_3__00_00_21_250__85_ID25_box175.jpg,
GMP_021015_afternoon_25cmlasers_leslie_3_2015_2_10,2015,,2,10,13.0,,19.64998,-80.12083,West End Little Cayman FSA,Cayman Islands,West End Little Cayman FSA,Epinephelus ,striatus,,,,,,GrouperMoonProject@REEF.org,Leslie,,grouperspotter@REEF.org,,,,alive,adult,,,,,,GMP_021015_afternoon_25cmlasers_leslie_3__00_00_25_500__102_ID26_box192.jpg,
GMP_021015_afternoon_25cmlasers_leslie_3_2015_2_10,2015,,2,10,13.0,,19.64998,-80.12083,West End Little Cayman FSA,Cayman Islands,West End Little Cayman FSA,Epinephelus ,striatus,,,,,,GrouperMoonProject@REEF.org,Leslie,,grouperspotter@REEF.org,,,,alive,adult,,,,,,GMP_021015_afternoon_25cmlasers_leslie_3__00_00_32_500__130_ID29_box269.jpg,
GMP_021015_afternoon_25cmlasers_leslie_3_2015_2_10,2015,,2,10,13.0,,19.64998,-80.12083,West End Little Cayman FSA,Cayman Islands,West End Little Cayman FSA,Epinephelus ,striatus,,,,,,GrouperMoonProject@REEF.org,Leslie,,grouperspotter@REEF.org,,,,alive,adult,,,,,,GMP_021015_afternoon_25cmlasers_leslie_3__00_00_46_500__186_ID45_box375.jpg,
GMP_021015_afternoon_25cmlasers_leslie_3_2015_2_10,2015,,2,10,13.0,,19.64998,-80.12083,West End Little Cayman FSA,Cayman Islands,West End Little Cayman FSA,Epinephelus ,striatus,,,,,,GrouperMoonProject@REEF.org,Leslie,,grouperspotter@REEF.org,,,,alive,adult,,,,,,GMP_021015_afternoon_25cmlasers_leslie_3__00_01_03_00__252_ID59_box466.jpg,
GMP_021015_afternoon_25cmlasers_leslie_4_2015_2_10,2015,,2,10,13.0,,19.64998,-80.12083,West End Little Cayman FSA,Cayman Islands,West End Little Cayman FSA,Epinephelus ,striatus,,,,,,GrouperMoonProject@REEF.org,Leslie,,grouperspotter@REEF.org,,,,alive,adult,,,,,,GMP_021015_afternoon_25cmlasers_leslie_4__00_00_00_250__1_ID0_box0.jpg,
GMP_021015_afternoon_25cmlasers_leslie_4_2015_2_10,2015,,2,10,13.0,,19.64998,-80.12083,West End Little Cayman FSA,Cayman Islands,West End Little Cayman FSA,Epinephelus ,striatus,,,,,,GrouperMoonProject@REEF.org,Leslie,,grouperspotter@REEF.org,,,,alive,adult,,,,,,GMP_021015_afternoon_25cmlasers_leslie_4__00_00_08_00__32_ID9_box41.jpg,
GMP_021015_morning_20cmlasers_brice_1_2015_2_10,2015,,2,10,9.0,,19.64998,-80.12083,West End Little Cayman FSA,Cayman Islands,West End Little Cayman FSA,Epinephelus ,striatus,,,,,,GrouperMoonProject@REEF.org,Brice,,grouperspotter@REEF.org,,,,alive,adult,,,,,,GMP_021015_morning_20cmlasers_brice_1__00_00_24_500__98_ID5_box100.jpg,
GMP_021015_morning_20cmlasers_brice_1_2015_2_10,2015,,2,10,9.0,,19.64998,-80.12083,West End Little Cayman FSA,Cayman Islands,West End Little Cayman FSA,Epinephelus ,striatus,,,,,,GrouperMoonProject@REEF.org,Brice,,grouperspotter@REEF.org,,,,alive,adult,,,,,,GMP_021015_morning_20cmlasers_brice_1__00_00_39_750__159_ID7_box162.jpg,
GMP_021015_morning_20cmlasers_brice_1_2015_2_10,2015,,2,10,9.0,,19.64998,-80.12083,West End Little Cayman FSA,Cayman Islands,West End Little Cayman FSA,Epinephelus ,striatus,,,,,,GrouperMoonProject@REEF.org,Brice,,grouperspotter@REEF.org,,,,alive,adult,,,,,,GMP_021015_morning_20cmlasers_brice_1__00_00_53_750__215_ID12_box218.jpg,
GMP_021015_morning_20cmlasers_brice_1_2015_2_10,2015,,2,10,9.0,,19.64998,-80.12083,West End Little Cayman FSA,Cayman Islands,West End Little Cayman FSA,Epinephelus ,striatus,,,,,,GrouperMoonProject@REEF.org,Brice,,grouperspotter@REEF.org,,,,alive,adult,,,,,,GMP_021015_morning_20cmlasers_brice_1__00_01_25_250__341_ID20_box345.jpg,
GMP_021015_morning_20cmlasers_brice_1_2015_2_10,2015,,2,10,9.0,,19.64998,-80.12083,West End Little Cayman FSA,Cayman Islands,West End Little Cayman FSA,Epinephelus ,striatus,,,,,,GrouperMoonProject@REEF.org,Brice,,grouperspotter@REEF.org,,,,alive,adult,,,,,,GMP_021015_morning_20cmlasers_brice_1__00_01_51_750__447_ID24_box452.jpg,
GMP_021015_morning_20cmlasers_brice_1_2015_2_10,2015,,2,10,9.0,,19.64998,-80.12083,West End Little Cayman FSA,Cayman Islands,West End Little Cayman FSA,Epinephelus ,striatus,,,,,,GrouperMoonProject@REEF.org,Brice,,grouperspotter@REEF.org,,,,alive,adult,,,,,,GMP_021015_morning_20cmlasers_brice_1__00_02_01_500__486_ID27_box493.jpg,
GMP_021015_morning_20cmlasers_brice_1_2015_2_10,2015,,2,10,9.0,,19.64998,-80.12083,West End Little Cayman FSA,Cayman Islands,West End Little Cayman FSA,Epinephelus ,striatus,,,,,,GrouperMoonProject@REEF.org,Brice,,grouperspotter@REEF.org,,,,alive,adult,,,,,,GMP_021015_morning_20cmlasers_brice_1__00_02_14_250__537_ID36_box553.jpg,
GMP_021015_morning_20cmlasers_brice_1_2015_2_10,2015,,2,10,9.0,,19.64998,-80.12083,West End Little Cayman FSA,Cayman Islands,West End Little Cayman FSA,Epinephelus ,striatus,,,,,,GrouperMoonProject@REEF.org,Brice,,grouperspotter@REEF.org,,,,alive,adult,,,,,,GMP_021015_morning_20cmlasers_brice_1__00_02_19_500__558_ID39_box576.jpg,
GMP_021015_morning_20cmlasers_brice_1_2015_2_10,2015,,2,10,9.0,,19.64998,-80.12083,West End Little Cayman FSA,Cayman Islands,West End Little Cayman FSA,Epinephelus ,striatus,,,,,,GrouperMoonProject@REEF.org,Brice,,grouperspotter@REEF.org,,,,alive,adult,,,,,,GMP_021015_morning_20cmlasers_brice_1__00_03_08_00__752_ID48_box778.jpg,
GMP_021015_morning_20cmlasers_brice_1_2015_2_10,2015,,2,10,9.0,,19.64998,-80.12083,West End Little Cayman FSA,Cayman Islands,West End Little Cayman FSA,Epinephelus ,striatus,,,,,,GrouperMoonProject@REEF.org,Brice,,grouperspotter@REEF.org,,,,alive,adult,,,,,,GMP_021015_morning_20cmlasers_brice_1__00_04_10_00__1000_ID56_box1031.jpg,
GMP_021015_morning_20cmlasers_brice_1_2015_2_10,2015,,2,10,9.0,,19.64998,-80.12083,West End Little Cayman FSA,Cayman Islands,West End Little Cayman FSA,Epinephelus ,striatus,,,,,,GrouperMoonProject@REEF.org,Brice,,grouperspotter@REEF.org,,,,alive,adult,,,,,,GMP_021015_morning_20cmlasers_brice_1__00_04_18_500__1034_ID57_box1065.jpg,
GMP_021015_morning_20cmlasers_brice_1_2015_2_10,2015,,2,10,9.0,,19.64998,-80.12083,West End Little Cayman FSA,Cayman Islands,West End Little Cayman FSA,Epinephelus ,striatus,,,,,,GrouperMoonProject@REEF.org,Brice,,grouperspotter@REEF.org,,,,alive,adult,,,,,,GMP_021015_morning_20cmlasers_brice_1__00_04_57_00__1188_ID62_box1220.jpg,
GMP_021015_morning_20cmlasers_brice_1_2015_2_10,2015,,2,10,9.0,,19.64998,-80.12083,West End Little Cayman FSA,Cayman Islands,West End Little Cayman FSA,Epinephelus ,striatus,,,,,,GrouperMoonProject@REEF.org,Brice,,grouperspotter@REEF.org,,,,alive,adult,,,,,,GMP_021015_morning_20cmlasers_brice_1__00_06_09_250__1477_ID66_box1509.jpg,
GMP_021015_morning_20cmlasers_brice_1_2015_2_10,2015,,2,10,9.0,,19.64998,-80.12083,West End Little Cayman FSA,Cayman Islands,West End Little Cayman FSA,Epinephelus ,striatus,,,,,,GrouperMoonProject@REEF.org,Brice,,grouperspotter@REEF.org,,,,alive,adult,,,,,,GMP_021015_morning_20cmlasers_brice_1__00_06_22_250__1529_ID68_box1569.jpg,
GMP_021015_morning_20cmlasers_brice_1_2015_2_10,2015,,2,10,9.0,,19.64998,-80.12083,West End Little Cayman FSA,Cayman Islands,West End Little Cayman FSA,Epinephelus ,striatus,,,,,,GrouperMoonProject@REEF.org,Brice,,grouperspotter@REEF.org,,,,alive,adult,,,,,,GMP_021015_morning_20cmlasers_brice_1__00_06_56_250__1665_ID73_box1713.jpg,
GMP_021015_morning_20cmlasers_brice_1_2015_2_10,2015,,2,10,9.0,,19.64998,-80.12083,West End Little Cayman FSA,Cayman Islands,West End Little Cayman FSA,Epinephelus ,striatus,,,,,,GrouperMoonProject@REEF.org,Brice,,grouperspotter@REEF.org,,,,alive,adult,,,,,,GMP_021015_morning_20cmlasers_brice_1__00_07_06_500__1706_ID74_box1754.jpg,
GMP_021015_morning_20cmlasers_brice_1_2015_2_10,2015,,2,10,9.0,,19.64998,-80.12083,West End Little Cayman FSA,Cayman Islands,West End Little Cayman FSA,Epinephelus ,striatus,,,,,,GrouperMoonProject@REEF.org,Brice,,grouperspotter@REEF.org,,,,alive,adult,,,,,,GMP_021015_morning_20cmlasers_brice_1__00_07_36_00__1824_ID85_box1878.jpg,
GMP_021015_morning_20cmlasers_brice_1_2015_2_10,2015,,2,10,9.0,,19.64998,-80.12083,West End Little Cayman FSA,Cayman Islands,West End Little Cayman FSA,Epinephelus ,striatus,,,,,,GrouperMoonProject@REEF.org,Brice,,grouperspotter@REEF.org,,,,alive,adult,,,,,,GMP_021015_morning_20cmlasers_brice_1__00_08_19_750__1999_ID116_box2147.jpg,
GMP_021015_morning_20cmlasers_brice_1_2015_2_10,2015,,2,10,9.0,,19.64998,-80.12083,West End Little Cayman FSA,Cayman Islands,West End Little Cayman FSA,Epinephelus ,striatus,,,,,,GrouperMoonProject@REEF.org,Brice,,grouperspotter@REEF.org,,,,alive,adult,,,,,,GMP_021015_morning_20cmlasers_brice_1__00_08_24_00__2016_ID115_box2171.jpg,
GMP_021015_morning_20cmlasers_brice_1_2015_2_10,2015,,2,10,9.0,,19.64998,-80.12083,West End Little Cayman FSA,Cayman Islands,West End Little Cayman FSA,Epinephelus ,striatus,,,,,,GrouperMoonProject@REEF.org,Brice,,grouperspotter@REEF.org,,,,alive,adult,,,,,,GMP_021015_morning_20cmlasers_brice_1__00_08_27_750__2031_ID121_box2187.jpg,
GMP_021015_morning_20cmlasers_brice_1_2015_2_10,2015,,2,10,9.0,,19.64998,-80.12083,West End Little Cayman FSA,Cayman Islands,West End Little Cayman FSA,Epinephelus ,striatus,,,,,,GrouperMoonProject@REEF.org,Brice,,grouperspotter@REEF.org,,,,alive,adult,,,,,,GMP_021015_morning_20cmlasers_brice_1__00_09_06_250__2185_ID129_box2341.jpg,
GMP_021015_morning_20cmlasers_brice_1_2015_2_10,2015,,2,10,9.0,,19.64998,-80.12083,West End Little Cayman FSA,Cayman Islands,West End Little Cayman FSA,Epinephelus ,striatus,,,,,,GrouperMoonProject@REEF.org,Brice,,grouperspotter@REEF.org,,,,alive,adult,,,,,,GMP_021015_morning_20cmlasers_brice_1__00_09_09_00__2196_ID129_box2352.jpg,
GMP_021015_morning_20cmlasers_brice_1_2015_2_10,2015,,2,10,9.0,,19.64998,-80.12083,West End Little Cayman FSA,Cayman Islands,West End Little Cayman FSA,Epinephelus ,striatus,,,,,,GrouperMoonProject@REEF.org,Brice,,grouperspotter@REEF.org,,,,alive,adult,,,,,,GMP_021015_morning_20cmlasers_brice_1__00_09_11_500__2206_ID132_box2367.jpg,
GMP_021015_morning_20cmlasers_brice_1_2015_2_10,2015,,2,10,9.0,,19.64998,-80.12083,West End Little Cayman FSA,Cayman Islands,West End Little Cayman FSA,Epinephelus ,striatus,,,,,,GrouperMoonProject@REEF.org,Brice,,grouperspotter@REEF.org,,,,alive,adult,,,,,,GMP_021015_morning_20cmlasers_brice_1__00_09_11_500__2206_ID129_box2368.jpg,
GMP_021015_morning_20cmlasers_brice_1_2015_2_10,2015,,2,10,9.0,,19.64998,-80.12083,West End Little Cayman FSA,Cayman Islands,West End Little Cayman FSA,Epinephelus ,striatus,,,,,,GrouperMoonProject@REEF.org,Brice,,grouperspotter@REEF.org,,,,alive,adult,,,,,,GMP_021015_morning_20cmlasers_brice_1__00_09_39_500__2318_ID144_box2487.jpg,
GMP_021015_morning_20cmlasers_brice_1_2015_2_10,2015,,2,10,9.0,,19.64998,-80.12083,West End Little Cayman FSA,Cayman Islands,West End Little Cayman FSA,Epinephelus ,striatus,,,,,,GrouperMoonProject@REEF.org,Brice,,grouperspotter@REEF.org,,,,alive,adult,,,,,,,GMP_021015_morning_20cmlasers_brice_1__00_09_56_00__2384_ID152_box2569.jpg
GMP_021015_morning_20cmlasers_brice_1_2015_2_10,2015,,2,10,9.0,,19.64998,-80.12083,West End Little Cayman FSA,Cayman Islands,West End Little Cayman FSA,Epinephelus ,striatus,,,,,,GrouperMoonProject@REEF.org,Brice,,grouperspotter@REEF.org,,,,alive,adult,,,,,,GMP_021015_morning_20cmlasers_brice_1__00_10_03_750__2415_ID156_box2601.jpg,
GMP_021015_morning_20cmlasers_brice_1_2015_2_10,2015,,2,10,9.0,,19.64998,-80.12083,West End Little Cayman FSA,Cayman Islands,West End Little Cayman FSA,Epinephelus ,striatus,,,,,,GrouperMoonProject@REEF.org,Brice,,grouperspotter@REEF.org,,,,alive,adult,,,,,,GMP_021015_morning_20cmlasers_brice_1__00_10_09_500__2438_ID157_box2624.jpg,
GMP_021015_morning_20cmlasers_brice_1_2015_2_10,2015,,2,10,9.0,,19.64998,-80.12083,West End Little Cayman FSA,Cayman Islands,West End Little Cayman FSA,Epinephelus ,striatus,,,,,,GrouperMoonProject@REEF.org,Brice,,grouperspotter@REEF.org,,,,alive,adult,,,,,,GMP_021015_morning_20cmlasers_brice_1__00_10_13_00__2452_ID158_box2638.jpg,
GMP_021015_morning_20cmlasers_brice_1_2015_2_10,2015,,2,10,9.0,,19.64998,-80.12083,West End Little Cayman FSA,Cayman Islands,West End Little Cayman FSA,Epinephelus ,striatus,,,,,,GrouperMoonProject@REEF.org,Brice,,grouperspotter@REEF.org,,,,alive,adult,,,,,,GMP_021015_morning_20cmlasers_brice_1__00_10_30_00__2520_ID162_box2707.jpg,
GMP_021015_morning_20cmlasers_brice_1_2015_2_10,2015,,2,10,9.0,,19.64998,-80.12083,West End Little Cayman FSA,Cayman Islands,West End Little Cayman FSA,Epinephelus ,striatus,,,,,,GrouperMoonProject@REEF.org,Brice,,grouperspotter@REEF.org,,,,alive,adult,,,,,,GMP_021015_morning_20cmlasers_brice_1__00_10_39_250__2557_ID163_box2746.jpg,
GMP_021015_morning_20cmlasers_brice_1_2015_2_10,2015,,2,10,9.0,,19.64998,-80.12083,West End Little Cayman FSA,Cayman Islands,West End Little Cayman FSA,Epinephelus ,striatus,,,,,,GrouperMoonProject@REEF.org,Brice,,grouperspotter@REEF.org,,,,alive,adult,,,,,,GMP_021015_morning_20cmlasers_brice_1__00_10_42_00__2568_ID165_box2757.jpg,
GMP_021015_morning_20cmlasers_brice_1_2015_2_10,2015,,2,10,9.0,,19.64998,-80.12083,West End Little Cayman FSA,Cayman Islands,West End Little Cayman FSA,Epinephelus ,striatus,,,,,,GrouperMoonProject@REEF.org,Brice,,grouperspotter@REEF.org,,,,alive,adult,,,,,,GMP_021015_morning_20cmlasers_brice_1__00_10_47_250__2589_ID166_box2778.jpg,
GMP_021015_morning_20cmlasers_brice_1_2015_2_10,2015,,2,10,9.0,,19.64998,-80.12083,West End Little Cayman FSA,Cayman Islands,West End Little Cayman FSA,Epinephelus ,striatus,,,,,,GrouperMoonProject@REEF.org,Brice,,grouperspotter@REEF.org,,,,alive,adult,,,,,,GMP_021015_morning_20cmlasers_brice_1__00_10_58_500__2634_ID166_box2832.jpg,
GMP_021015_morning_20cmlasers_brice_1_2015_2_10,2015,,2,10,9.0,,19.64998,-80.12083,West End Little Cayman FSA,Cayman Islands,West End Little Cayman FSA,Epinephelus ,striatus,,,,,,GrouperMoonProject@REEF.org,Brice,,grouperspotter@REEF.org,,,,alive,adult,,,,,,GMP_021015_morning_20cmlasers_brice_1__00_11_01_00__2644_ID168_box2844.jpg,
GMP_021015_morning_20cmlasers_brice_1_2015_2_10,2015,,2,10,9.0,,19.64998,-80.12083,West End Little Cayman FSA,Cayman Islands,West End Little Cayman FSA,Epinephelus ,striatus,,,,,,GrouperMoonProject@REEF.org,Brice,,grouperspotter@REEF.org,,,,alive,adult,,,,,,GMP_021015_morning_20cmlasers_brice_1__00_11_17_500__2710_ID172_box2927.jpg,
GMP_021015_morning_20cmlasers_brice_1_2015_2_10,2015,,2,10,9.0,,19.64998,-80.12083,West End Little Cayman FSA,Cayman Islands,West End Little Cayman FSA,Epinephelus ,striatus,,,,,,GrouperMoonProject@REEF.org,Brice,,grouperspotter@REEF.org,,,,alive,adult,,,,,,GMP_021015_morning_20cmlasers_brice_1__00_11_37_250__2789_ID177_box3009.jpg,
GMP_021015_morning_20cmlasers_brice_1_2015_2_10,2015,,2,10,9.0,,19.64998,-80.12083,West End Little Cayman FSA,Cayman Islands,West End Little Cayman FSA,Epinephelus ,striatus,,,,,,GrouperMoonProject@REEF.org,Brice,,grouperspotter@REEF.org,,,,alive,adult,,,,,,GMP_021015_morning_20cmlasers_brice_1__00_13_26_500__3226_ID253_box3627.jpg,
GMP_021015_morning_20cmlasers_brice_1_2015_2_10,2015,,2,10,9.0,,19.64998,-80.12083,West End Little Cayman FSA,Cayman Islands,West End Little Cayman FSA,Epinephelus ,striatus,,,,,,GrouperMoonProject@REEF.org,Brice,,grouperspotter@REEF.org,,,,alive,adult,,,,,,GMP_021015_morning_20cmlasers_brice_1__00_14_08_500__3394_ID313_box3987.jpg,
GMP_021015_morning_20cmlasers_brice_1_2015_2_10,2015,,2,10,9.0,,19.64998,-80.12083,West End Little Cayman FSA,Cayman Islands,West End Little Cayman FSA,Epinephelus ,striatus,,,,,,GrouperMoonProject@REEF.org,Brice,,grouperspotter@REEF.org,,,,alive,adult,,,,,,GMP_021015_morning_20cmlasers_brice_1__00_14_13_500__3414_ID313_box4011.jpg,
GMP_021015_morning_20cmlasers_brice_1_2015_2_10,2015,,2,10,9.0,,19.64998,-80.12083,West End Little Cayman FSA,Cayman Islands,West End Little Cayman FSA,Epinephelus ,striatus,,,,,,GrouperMoonProject@REEF.org,Brice,,grouperspotter@REEF.org,,,,alive,adult,,,,,,GMP_021015_morning_20cmlasers_brice_1__00_14_26_250__3465_ID344_box4124.jpg,
GMP_021015_morning_20cmlasers_brice_1_2015_2_10,2015,,2,10,9.0,,19.64998,-80.12083,West End Little Cayman FSA,Cayman Islands,West End Little Cayman FSA,Epinephelus ,striatus,,,,,,GrouperMoonProject@REEF.org,Brice,,grouperspotter@REEF.org,,,,alive,adult,,,,,,GMP_021015_morning_20cmlasers_brice_1__00_14_34_250__3497_ID347_box4157.jpg,
GMP_021015_morning_20cmlasers_brice_1_2015_2_10,2015,,2,10,9.0,,19.64998,-80.12083,West End Little Cayman FSA,Cayman Islands,West End Little Cayman FSA,Epinephelus ,striatus,,,,,,GrouperMoonProject@REEF.org,Brice,,grouperspotter@REEF.org,,,,alive,adult,,,,,,GMP_021015_morning_20cmlasers_brice_1__00_14_36_750__3507_ID347_box4167.jpg,
GMP_021015_morning_20cmlasers_brice_1_2015_2_10,2015,,2,10,9.0,,19.64998,-80.12083,West End Little Cayman FSA,Cayman Islands,West End Little Cayman FSA,Epinephelus ,striatus,,,,,,GrouperMoonProject@REEF.org,Brice,,grouperspotter@REEF.org,,,,alive,adult,,,,,,GMP_021015_morning_20cmlasers_brice_1__00_14_41_00__3524_ID348_box4184.jpg,
GMP_021015_morning_20cmlasers_brice_1_2015_2_10,2015,,2,10,9.0,,19.64998,-80.12083,West End Little Cayman FSA,Cayman Islands,West End Little Cayman FSA,Epinephelus ,striatus,,,,,,GrouperMoonProject@REEF.org,Brice,,grouperspotter@REEF.org,,,,alive,adult,,,,,,GMP_021015_morning_20cmlasers_brice_1__00_14_53_00__3572_ID354_box4241.jpg,
GMP_021015_morning_20cmlasers_brice_1_2015_2_10,2015,,2,10,9.0,,19.64998,-80.12083,West End Little Cayman FSA,Cayman Islands,West End Little Cayman FSA,Epinephelus ,striatus,,,,,,GrouperMoonProject@REEF.org,Brice,,grouperspotter@REEF.org,,,,alive,adult,,,,,,GMP_021015_morning_20cmlasers_brice_1__00_14_55_750__3583_ID358_box4253.jpg,
GMP_021015_morning_20cmlasers_brice_1_2015_2_10,2015,,2,10,9.0,,19.64998,-80.12083,West End Little Cayman FSA,Cayman Islands,West End Little Cayman FSA,Epinephelus ,striatus,,,,,,GrouperMoonProject@REEF.org,Brice,,grouperspotter@REEF.org,,,,alive,adult,,,,,,GMP_021015_morning_20cmlasers_brice_1__00_14_58_250__3593_ID360_box4263.jpg,
GMP_021015_morning_20cmlasers_brice_1_2015_2_10,2015,,2,10,9.0,,19.64998,-80.12083,West End Little Cayman FSA,Cayman Islands,West End Little Cayman FSA,Epinephelus ,striatus,,,,,,GrouperMoonProject@REEF.org,Brice,,grouperspotter@REEF.org,,,,alive,adult,,,,,,GMP_021015_morning_20cmlasers_brice_1__00_15_40_750__3763_ID388_box4571.jpg,
GMP_021015_morning_20cmlasers_brice_1_2015_2_10,2015,,2,10,9.0,,19.64998,-80.12083,West End Little Cayman FSA,Cayman Islands,West End Little Cayman FSA,Epinephelus ,striatus,,,,,,GrouperMoonProject@REEF.org,Brice,,grouperspotter@REEF.org,,,,alive,adult,,,,,,GMP_021015_morning_20cmlasers_brice_1__00_15_44_250__3777_ID390_box4592.jpg,
GMP_021015_morning_20cmlasers_brice_1_2015_2_10,2015,,2,10,9.0,,19.64998,-80.12083,West End Little Cayman FSA,Cayman Islands,West End Little Cayman FSA,Epinephelus ,striatus,,,,,,GrouperMoonProject@REEF.org,Brice,,grouperspotter@REEF.org,,,,alive,adult,,,,,,GMP_021015_morning_20cmlasers_brice_1__00_15_53_250__3813_ID395_box4638.jpg,
GMP_021015_morning_20cmlasers_brice_1_2015_2_10,2015,,2,10,9.0,,19.64998,-80.12083,West End Little Cayman FSA,Cayman Islands,West End Little Cayman FSA,Epinephelus ,striatus,,,,,,GrouperMoonProject@REEF.org,Brice,,grouperspotter@REEF.org,,,,alive,adult,,,,,,GMP_021015_morning_20cmlasers_brice_1__00_16_45_00__4020_ID417_box4862.jpg,
GMP_021015_morning_20cmlasers_brice_1_2015_2_10,2015,,2,10,9.0,,19.64998,-80.12083,West End Little Cayman FSA,Cayman Islands,West End Little Cayman FSA,Epinephelus ,striatus,,,,,,GrouperMoonProject@REEF.org,Brice,,grouperspotter@REEF.org,,,,alive,adult,,,,,,GMP_021015_morning_20cmlasers_brice_1__00_16_50_750__4043_ID417_box4887.jpg,
GMP_021015_morning_20cmlasers_brice_1_2015_2_10,2015,,2,10,9.0,,19.64998,-80.12083,West End Little Cayman FSA,Cayman Islands,West End Little Cayman FSA,Epinephelus ,striatus,,,,,,GrouperMoonProject@REEF.org,Brice,,grouperspotter@REEF.org,,,,alive,adult,,,,,,GMP_021015_morning_20cmlasers_brice_1__00_16_56_500__4066_ID420_box4912.jpg,
GMP_021015_morning_20cmlasers_brice_1_2015_2_10,2015,,2,10,9.0,,19.64998,-80.12083,West End Little Cayman FSA,Cayman Islands,West End Little Cayman FSA,Epinephelus ,striatus,,,,,,GrouperMoonProject@REEF.org,Brice,,grouperspotter@REEF.org,,,,alive,adult,,,,,,GMP_021015_morning_20cmlasers_brice_1__00_01_52_750__451_ID24_box456.jpg,
GMP_021015_morning_20cmlasers_brice_2_2015_2_10,2015,,2,10,9.0,,19.64998,-80.12083,West End Little Cayman FSA,Cayman Islands,West End Little Cayman FSA,Epinephelus ,striatus,,,,,,GrouperMoonProject@REEF.org,Brice,,grouperspotter@REEF.org,,,,alive,adult,,,,,,GMP_021015_morning_20cmlasers_brice_2__00_00_51_500__206_ID16_box235.jpg,
GMP_021015_morning_20cmlasers_brice_2_2015_2_10,2015,,2,10,9.0,,19.64998,-80.12083,West End Little Cayman FSA,Cayman Islands,West End Little Cayman FSA,Epinephelus ,striatus,,,,,,GrouperMoonProject@REEF.org,Brice,,grouperspotter@REEF.org,,,,alive,adult,,,,,,GMP_021015_morning_20cmlasers_brice_2__00_00_53_500__214_ID19_box243.jpg,
GMP_021015_morning_20cmlasers_brice_2_2015_2_10,2015,,2,10,9.0,,19.64998,-80.12083,West End Little Cayman FSA,Cayman Islands,West End Little Cayman FSA,Epinephelus ,striatus,,,,,,GrouperMoonProject@REEF.org,Brice,,grouperspotter@REEF.org,,,,alive,adult,,,,,,GMP_021015_morning_20cmlasers_brice_2__00_00_54_750__219_ID21_box248.jpg,
GMP_021015_morning_20cmlasers_brice_2_2015_2_10,2015,,2,10,9.0,,19.64998,-80.12083,West End Little Cayman FSA,Cayman Islands,West End Little Cayman FSA,Epinephelus ,striatus,,,,,,GrouperMoonProject@REEF.org,Brice,,grouperspotter@REEF.org,,,,alive,adult,,,,,,GMP_021015_morning_20cmlasers_brice_2__00_00_58_250__233_ID26_box263.jpg,
GMP_021015_morning_20cmlasers_brice_2_2015_2_10,2015,,2,10,9.0,,19.64998,-80.12083,West End Little Cayman FSA,Cayman Islands,West End Little Cayman FSA,Epinephelus ,striatus,,,,,,GrouperMoonProject@REEF.org,Brice,,grouperspotter@REEF.org,,,,alive,adult,,,,,,GMP_021015_morning_20cmlasers_brice_2__00_01_05_750__263_ID32_box299.jpg,
GMP_021015_morning_20cmlasers_brice_2_2015_2_10,2015,,2,10,9.0,,19.64998,-80.12083,West End Little Cayman FSA,Cayman Islands,West End Little Cayman FSA,Epinephelus ,striatus,,,,,,GrouperMoonProject@REEF.org,Brice,,grouperspotter@REEF.org,,,,alive,adult,,,,,,GMP_021015_morning_20cmlasers_brice_2__00_01_18_250__313_ID44_box365.jpg,
GMP_021015_morning_20cmlasers_brice_2_2015_2_10,2015,,2,10,9.0,,19.64998,-80.12083,West End Little Cayman FSA,Cayman Islands,West End Little Cayman FSA,Epinephelus ,striatus,,,,,,GrouperMoonProject@REEF.org,Brice,,grouperspotter@REEF.org,,,,alive,adult,,,,,,GMP_021015_morning_20cmlasers_brice_2__00_01_18_250__313_ID43_box366.jpg,
GMP_021015_morning_20cmlasers_brice_2_2015_2_10,2015,,2,10,9.0,,19.64998,-80.12083,West End Little Cayman FSA,Cayman Islands,West End Little Cayman FSA,Epinephelus ,striatus,,,,,,GrouperMoonProject@REEF.org,Brice,,grouperspotter@REEF.org,,,,alive,adult,,,,,,GMP_021015_morning_20cmlasers_brice_2__00_01_29_500__358_ID45_box433.jpg,
GMP_021015_morning_20cmlasers_brice_2_2015_2_10,2015,,2,10,9.0,,19.64998,-80.12083,West End Little Cayman FSA,Cayman Islands,West End Little Cayman FSA,Epinephelus ,striatus,,,,,,GrouperMoonProject@REEF.org,Brice,,grouperspotter@REEF.org,,,,alive,adult,,,,,,GMP_021015_morning_20cmlasers_brice_2__00_02_27_00__588_ID64_box695.jpg,
GMP_021015_morning_20cmlasers_brice_2_2015_2_10,2015,,2,10,9.0,,19.64998,-80.12083,West End Little Cayman FSA,Cayman Islands,West End Little Cayman FSA,Epinephelus ,striatus,,,,,,GrouperMoonProject@REEF.org,Brice,,grouperspotter@REEF.org,,,,alive,adult,,,,,,GMP_021015_morning_20cmlasers_brice_2__00_02_40_750__643_ID65_box751.jpg,
GMP_021015_morning_20cmlasers_brice_2_2015_2_10,2015,,2,10,9.0,,19.64998,-80.12083,West End Little Cayman FSA,Cayman Islands,West End Little Cayman FSA,Epinephelus ,striatus,,,,,,GrouperMoonProject@REEF.org,Brice,,grouperspotter@REEF.org,,,,alive,adult,,,,,,GMP_021015_morning_20cmlasers_brice_2__00_03_05_750__743_ID69_box855.jpg,
GMP_021015_morning_20cmlasers_brice_2_2015_2_10,2015,,2,10,9.0,,19.64998,-80.12083,West End Little Cayman FSA,Cayman Islands,West End Little Cayman FSA,Epinephelus ,striatus,,,,,,GrouperMoonProject@REEF.org,Brice,,grouperspotter@REEF.org,,,,alive,adult,,,,,,GMP_021015_morning_20cmlasers_brice_2__00_03_20_00__800_ID72_box912.jpg,
GMP_021015_morning_20cmlasers_brice_2_2015_2_10,2015,,2,10,9.0,,19.64998,-80.12083,West End Little Cayman FSA,Cayman Islands,West End Little Cayman FSA,Epinephelus ,striatus,,,,,,GrouperMoonProject@REEF.org,Brice,,grouperspotter@REEF.org,,,,alive,adult,,,,,,GMP_021015_morning_20cmlasers_brice_2__00_03_37_250__869_ID79_box981.jpg,
GMP_021015_morning_20cmlasers_brice_2_2015_2_10,2015,,2,10,9.0,,19.64998,-80.12083,West End Little Cayman FSA,Cayman Islands,West End Little Cayman FSA,Epinephelus ,striatus,,,,,,GrouperMoonProject@REEF.org,Brice,,grouperspotter@REEF.org,,,,alive,adult,,,,,,GMP_021015_morning_20cmlasers_brice_2__00_03_41_750__887_ID80_box1013.jpg,
GMP_021015_morning_20cmlasers_brice_2_2015_2_10,2015,,2,10,9.0,,19.64998,-80.12083,West End Little Cayman FSA,Cayman Islands,West End Little Cayman FSA,Epinephelus ,striatus,,,,,,GrouperMoonProject@REEF.org,Brice,,grouperspotter@REEF.org,,,,alive,adult,,,,,,GMP_021015_morning_20cmlasers_brice_2__00_04_04_500__978_ID110_box1194.jpg,
GMP_021015_morning_20cmlasers_brice_2_2015_2_10,2015,,2,10,9.0,,19.64998,-80.12083,West End Little Cayman FSA,Cayman Islands,West End Little Cayman FSA,Epinephelus ,striatus,,,,,,GrouperMoonProject@REEF.org,Brice,,grouperspotter@REEF.org,,,,alive,adult,,,,,,GMP_021015_morning_20cmlasers_brice_2__00_04_50_750__1163_ID137_box1445.jpg,
GMP_021015_morning_20cmlasers_brice_2_2015_2_10,2015,,2,10,9.0,,19.64998,-80.12083,West End Little Cayman FSA,Cayman Islands,West End Little Cayman FSA,Epinephelus ,striatus,,,,,,GrouperMoonProject@REEF.org,Brice,,grouperspotter@REEF.org,,,,alive,adult,,,,,,,GMP_021015_morning_20cmlasers_brice_2__00_05_00_250__1201_ID140_box1483.jpg
GMP_021015_morning_20cmlasers_brice_2_2015_2_10,2015,,2,10,9.0,,19.64998,-80.12083,West End Little Cayman FSA,Cayman Islands,West End Little Cayman FSA,Epinephelus ,striatus,,,,,,GrouperMoonProject@REEF.org,Brice,,grouperspotter@REEF.org,,,,alive,adult,,,,,,GMP_021015_morning_20cmlasers_brice_2__00_05_04_250__1217_ID141_box1499.jpg,
GMP_021015_morning_20cmlasers_brice_2_2015_2_10,2015,,2,10,9.0,,19.64998,-80.12083,West End Little Cayman FSA,Cayman Islands,West End Little Cayman FSA,Epinephelus ,striatus,,,,,,GrouperMoonProject@REEF.org,Brice,,grouperspotter@REEF.org,,,,alive,adult,,,,,,GMP_021015_morning_20cmlasers_brice_2__00_05_12_500__1250_ID144_box1537.jpg,
GMP_021015_morning_20cmlasers_brice_2_2015_2_10,2015,,2,10,9.0,,19.64998,-80.12083,West End Little Cayman FSA,Cayman Islands,West End Little Cayman FSA,Epinephelus ,striatus,,,,,,GrouperMoonProject@REEF.org,Brice,,grouperspotter@REEF.org,,,,alive,adult,,,,,,GMP_021015_morning_20cmlasers_brice_2__00_05_19_250__1277_ID151_box1573.jpg,
GMP_021015_morning_20cmlasers_brice_2_2015_2_10,2015,,2,10,9.0,,19.64998,-80.12083,West End Little Cayman FSA,Cayman Islands,West End Little Cayman FSA,Epinephelus ,striatus,,,,,,GrouperMoonProject@REEF.org,Brice,,grouperspotter@REEF.org,,,,alive,adult,,,,,,GMP_021015_morning_20cmlasers_brice_2__00_05_21_250__1285_ID151_box1583.jpg,
GMP_021015_morning_20cmlasers_brice_2_2015_2_10,2015,,2,10,9.0,,19.64998,-80.12083,West End Little Cayman FSA,Cayman Islands,West End Little Cayman FSA,Epinephelus ,striatus,,,,,,GrouperMoonProject@REEF.org,Brice,,grouperspotter@REEF.org,,,,alive,adult,,,,,,GMP_021015_morning_20cmlasers_brice_2__00_06_02_00__1448_ID173_box1787.jpg,
GMP_021015_morning_20cmlasers_brice_2_2015_2_10,2015,,2,10,9.0,,19.64998,-80.12083,West End Little Cayman FSA,Cayman Islands,West End Little Cayman FSA,Epinephelus ,striatus,,,,,,GrouperMoonProject@REEF.org,Brice,,grouperspotter@REEF.org,,,,alive,adult,,,,,,GMP_021015_morning_20cmlasers_brice_2__00_06_04_250__1457_ID173_box1796.jpg,
GMP_021015_morning_20cmlasers_brice_2_2015_2_10,2015,,2,10,9.0,,19.64998,-80.12083,West End Little Cayman FSA,Cayman Islands,West End Little Cayman FSA,Epinephelus ,striatus,,,,,,GrouperMoonProject@REEF.org,Brice,,grouperspotter@REEF.org,,,,alive,adult,,,,,,GMP_021015_morning_20cmlasers_brice_2__00_06_15_750__1503_ID175_box1842.jpg,
GMP_021015_morning_20cmlasers_brice_2_2015_2_10,2015,,2,10,9.0,,19.64998,-80.12083,West End Little Cayman FSA,Cayman Islands,West End Little Cayman FSA,Epinephelus ,striatus,,,,,,GrouperMoonProject@REEF.org,Brice,,grouperspotter@REEF.org,,,,alive,adult,,,,,,GMP_021015_morning_20cmlasers_brice_2__00_06_32_500__1570_ID179_box1917.jpg,
GMP_021015_morning_20cmlasers_brice_2_2015_2_10,2015,,2,10,9.0,,19.64998,-80.12083,West End Little Cayman FSA,Cayman Islands,West End Little Cayman FSA,Epinephelus ,striatus,,,,,,GrouperMoonProject@REEF.org,Brice,,grouperspotter@REEF.org,,,,alive,adult,,,,,,GMP_021015_morning_20cmlasers_brice_2__00_06_35_00__1580_ID181_box1937.jpg,
GMP_021015_afternoon_20cmlasers_brian_1_2015_2_10,2015,,2,10,13.0,,19.64998,-80.12083,West End Little Cayman FSA,Cayman Islands,West End Little Cayman FSA,Epinephelus ,striatus,,,,,,GrouperMoonProject@REEF.org,Brian,,grouperspotter@REEF.org,,,,alive,adult,,,,,,GMP_021015_afternoon_20cmlasers_brian_1__00_02_12_750__531_ID8_box530.jpg,
GMP_021015_afternoon_20cmlasers_brian_1_2015_2_10,2015,,2,10,13.0,,19.64998,-80.12083,West End Little Cayman FSA,Cayman Islands,West End Little Cayman FSA,Epinephelus ,striatus,,,,,,GrouperMoonProject@REEF.org,Brian,,grouperspotter@REEF.org,,,,alive,adult,,,,,,GMP_021015_afternoon_20cmlasers_brian_1__00_02_46_750__667_ID12_box666.jpg,
GMP_021015_afternoon_20cmlasers_brian_1_2015_2_10,2015,,2,10,13.0,,19.64998,-80.12083,West End Little Cayman FSA,Cayman Islands,West End Little Cayman FSA,Epinephelus ,striatus,,,,,,GrouperMoonProject@REEF.org,Brian,,grouperspotter@REEF.org,,,,alive,adult,,,,,,GMP_021015_afternoon_20cmlasers_brian_1__00_03_11_250__765_ID16_box764.jpg,
GMP_021015_afternoon_20cmlasers_brian_1_2015_2_10,2015,,2,10,13.0,,19.64998,-80.12083,West End Little Cayman FSA,Cayman Islands,West End Little Cayman FSA,Epinephelus ,striatus,,,,,,GrouperMoonProject@REEF.org,Brian,,grouperspotter@REEF.org,,,,alive,adult,,,,,,GMP_021015_afternoon_20cmlasers_brian_1__00_03_26_750__827_ID19_box826.jpg,
GMP_021015_afternoon_20cmlasers_brian_1_2015_2_10,2015,,2,10,13.0,,19.64998,-80.12083,West End Little Cayman FSA,Cayman Islands,West End Little Cayman FSA,Epinephelus ,striatus,,,,,,GrouperMoonProject@REEF.org,Brian,,grouperspotter@REEF.org,,,,alive,adult,,,,,,GMP_021015_afternoon_20cmlasers_brian_1__00_03_27_500__830_ID20_box829.jpg,
GMP_021015_afternoon_20cmlasers_brian_1_2015_2_10,2015,,2,10,13.0,,19.64998,-80.12083,West End Little Cayman FSA,Cayman Islands,West End Little Cayman FSA,Epinephelus ,striatus,,,,,,GrouperMoonProject@REEF.org,Brian,,grouperspotter@REEF.org,,,,alive,adult,,,,,,GMP_021015_afternoon_20cmlasers_brian_1__00_03_45_500__902_ID27_box901.jpg,
GMP_021015_afternoon_20cmlasers_brian_1_2015_2_10,2015,,2,10,13.0,,19.64998,-80.12083,West End Little Cayman FSA,Cayman Islands,West End Little Cayman FSA,Epinephelus ,striatus,,,,,,GrouperMoonProject@REEF.org,Brian,,grouperspotter@REEF.org,,,,alive,adult,,,,,,GMP_021015_afternoon_20cmlasers_brian_1__00_03_46_500__906_ID30_box906.jpg,
GMP_021015_afternoon_20cmlasers_brian_1_2015_2_10,2015,,2,10,13.0,,19.64998,-80.12083,West End Little Cayman FSA,Cayman Islands,West End Little Cayman FSA,Epinephelus ,striatus,,,,,,GrouperMoonProject@REEF.org,Brian,,grouperspotter@REEF.org,,,,alive,adult,,,,,,GMP_021015_afternoon_20cmlasers_brian_1__00_03_52_250__929_ID36_box943.jpg,
GMP_021015_afternoon_20cmlasers_brian_1_2015_2_10,2015,,2,10,13.0,,19.64998,-80.12083,West End Little Cayman FSA,Cayman Islands,West End Little Cayman FSA,Epinephelus ,striatus,,,,,,GrouperMoonProject@REEF.org,Brian,,grouperspotter@REEF.org,,,,alive,adult,,,,,,GMP_021015_afternoon_20cmlasers_brian_1__00_03_55_250__941_ID39_box958.jpg,
GMP_021015_afternoon_20cmlasers_brian_1_2015_2_10,2015,,2,10,13.0,,19.64998,-80.12083,West End Little Cayman FSA,Cayman Islands,West End Little Cayman FSA,Epinephelus ,striatus,,,,,,GrouperMoonProject@REEF.org,Brian,,grouperspotter@REEF.org,,,,alive,adult,,,,,,GMP_021015_afternoon_20cmlasers_brian_1__00_04_01_250__965_ID46_box985.jpg,
GMP_021015_afternoon_20cmlasers_brian_1_2015_2_10,2015,,2,10,13.0,,19.64998,-80.12083,West End Little Cayman FSA,Cayman Islands,West End Little Cayman FSA,Epinephelus ,striatus,,,,,,GrouperMoonProject@REEF.org,Brian,,grouperspotter@REEF.org,,,,alive,adult,,,,,,GMP_021015_afternoon_20cmlasers_brian_1__00_04_06_750__987_ID51_box1013.jpg,
GMP_021015_afternoon_20cmlasers_brian_1_2015_2_10,2015,,2,10,13.0,,19.64998,-80.12083,West End Little Cayman FSA,Cayman Islands,West End Little Cayman FSA,Epinephelus ,striatus,,,,,,GrouperMoonProject@REEF.org,Brian,,grouperspotter@REEF.org,,,,alive,adult,,,,,,GMP_021015_afternoon_20cmlasers_brian_1__00_04_08_250__993_ID55_box1020.jpg,
GMP_021015_afternoon_20cmlasers_brian_1_2015_2_10,2015,,2,10,13.0,,19.64998,-80.12083,West End Little Cayman FSA,Cayman Islands,West End Little Cayman FSA,Epinephelus ,striatus,,,,,,GrouperMoonProject@REEF.org,Brian,,grouperspotter@REEF.org,,,,alive,adult,,,,,,GMP_021015_afternoon_20cmlasers_brian_1__00_04_28_500__1074_ID62_box1117.jpg,
GMP_021015_afternoon_20cmlasers_brian_1_2015_2_10,2015,,2,10,13.0,,19.64998,-80.12083,West End Little Cayman FSA,Cayman Islands,West End Little Cayman FSA,Epinephelus ,striatus,,,,,,GrouperMoonProject@REEF.org,Brian,,grouperspotter@REEF.org,,,,alive,adult,,,,,,GMP_021015_afternoon_20cmlasers_brian_1__00_04_43_750__1135_ID71_box1181.jpg,
GMP_021015_afternoon_20cmlasers_brian_1_2015_2_10,2015,,2,10,13.0,,19.64998,-80.12083,West End Little Cayman FSA,Cayman Islands,West End Little Cayman FSA,Epinephelus ,striatus,,,,,,GrouperMoonProject@REEF.org,Brian,,grouperspotter@REEF.org,,,,alive,adult,,,,,,GMP_021015_afternoon_20cmlasers_brian_1__00_04_53_750__1175_ID77_box1226.jpg,
GMP_021015_afternoon_20cmlasers_brian_1_2015_2_10,2015,,2,10,13.0,,19.64998,-80.12083,West End Little Cayman FSA,Cayman Islands,West End Little Cayman FSA,Epinephelus ,striatus,,,,,,GrouperMoonProject@REEF.org,Brian,,grouperspotter@REEF.org,,,,alive,adult,,,,,,GMP_021015_afternoon_20cmlasers_brian_1__00_04_57_750__1191_ID77_box1242.jpg,
GMP_021015_afternoon_20cmlasers_brian_1_2015_2_10,2015,,2,10,13.0,,19.64998,-80.12083,West End Little Cayman FSA,Cayman Islands,West End Little Cayman FSA,Epinephelus ,striatus,,,,,,GrouperMoonProject@REEF.org,Brian,,grouperspotter@REEF.org,,,,alive,adult,,,,,,GMP_021015_afternoon_20cmlasers_brian_1__00_05_03_500__1214_ID83_box1295.jpg,
GMP_021015_afternoon_20cmlasers_brian_1_2015_2_10,2015,,2,10,13.0,,19.64998,-80.12083,West End Little Cayman FSA,Cayman Islands,West End Little Cayman FSA,Epinephelus ,striatus,,,,,,GrouperMoonProject@REEF.org,Brian,,grouperspotter@REEF.org,,,,alive,adult,,,,,,GMP_021015_afternoon_20cmlasers_brian_1__00_05_26_500__1306_ID104_box1460.jpg,
GMP_021015_afternoon_20cmlasers_brian_1_2015_2_10,2015,,2,10,13.0,,19.64998,-80.12083,West End Little Cayman FSA,Cayman Islands,West End Little Cayman FSA,Epinephelus ,striatus,,,,,,GrouperMoonProject@REEF.org,Brian,,grouperspotter@REEF.org,,,,alive,adult,,,,,,GMP_021015_afternoon_20cmlasers_brian_1__00_05_46_500__1386_ID120_box1542.jpg,
GMP_021015_afternoon_20cmlasers_brian_1_2015_2_10,2015,,2,10,13.0,,19.64998,-80.12083,West End Little Cayman FSA,Cayman Islands,West End Little Cayman FSA,Epinephelus ,striatus,,,,,,GrouperMoonProject@REEF.org,Brian,,grouperspotter@REEF.org,,,,alive,adult,,,,,,GMP_021015_afternoon_20cmlasers_brian_1__00_06_05_500__1462_ID126_box1621.jpg,
GMP_021015_afternoon_20cmlasers_brian_1_2015_2_10,2015,,2,10,13.0,,19.64998,-80.12083,West End Little Cayman FSA,Cayman Islands,West End Little Cayman FSA,Epinephelus ,striatus,,,,,,GrouperMoonProject@REEF.org,Brian,,grouperspotter@REEF.org,,,,alive,adult,,,,,,GMP_021015_afternoon_20cmlasers_brian_1__00_06_31_750__1567_ID130_box1730.jpg,
GMP_021015_afternoon_20cmlasers_brian_1_2015_2_10,2015,,2,10,13.0,,19.64998,-80.12083,West End Little Cayman FSA,Cayman Islands,West End Little Cayman FSA,Epinephelus ,striatus,,,,,,GrouperMoonProject@REEF.org,Brian,,grouperspotter@REEF.org,,,,alive,adult,,,,,,GMP_021015_afternoon_20cmlasers_brian_1__00_06_56_00__1664_ID141_box1849.jpg,
GMP_021015_afternoon_20cmlasers_brian_1_2015_2_10,2015,,2,10,13.0,,19.64998,-80.12083,West End Little Cayman FSA,Cayman Islands,West End Little Cayman FSA,Epinephelus ,striatus,,,,,,GrouperMoonProject@REEF.org,Brian,,grouperspotter@REEF.org,,,,alive,adult,,,,,,GMP_021015_afternoon_20cmlasers_brian_1__00_07_18_500__1754_ID144_box1939.jpg,
GMP_021015_afternoon_20cmlasers_brian_1_2015_2_10,2015,,2,10,13.0,,19.64998,-80.12083,West End Little Cayman FSA,Cayman Islands,West End Little Cayman FSA,Epinephelus ,striatus,,,,,,GrouperMoonProject@REEF.org,Brian,,grouperspotter@REEF.org,,,,alive,adult,,,,,,GMP_021015_afternoon_20cmlasers_brian_1__00_09_03_500__2174_ID159_box2360.jpg,
GMP_021015_afternoon_20cmlasers_brian_1_2015_2_10,2015,,2,10,13.0,,19.64998,-80.12083,West End Little Cayman FSA,Cayman Islands,West End Little Cayman FSA,Epinephelus ,striatus,,,,,,GrouperMoonProject@REEF.org,Brian,,grouperspotter@REEF.org,,,,alive,adult,,,,,,GMP_021015_afternoon_20cmlasers_brian_1__00_09_09_750__2199_ID161_box2385.jpg,
GMP_021015_afternoon_20cmlasers_brian_1_2015_2_10,2015,,2,10,13.0,,19.64998,-80.12083,West End Little Cayman FSA,Cayman Islands,West End Little Cayman FSA,Epinephelus ,striatus,,,,,,GrouperMoonProject@REEF.org,Brian,,grouperspotter@REEF.org,,,,alive,adult,,,,,,GMP_021015_afternoon_20cmlasers_brian_1__00_11_14_00__2696_ID196_box2895.jpg,
GMP_021015_afternoon_20cmlasers_brian_1_2015_2_10,2015,,2,10,13.0,,19.64998,-80.12083,West End Little Cayman FSA,Cayman Islands,West End Little Cayman FSA,Epinephelus ,striatus,,,,,,GrouperMoonProject@REEF.org,Brian,,grouperspotter@REEF.org,,,,alive,adult,,,,,,GMP_021015_afternoon_20cmlasers_brian_1__00_07_17_500__1750_ID144_box1935.jpg,
GMP_021015_afternoon_20cmlasers_brian_1_2015_2_10,2015,,2,10,13.0,,19.64998,-80.12083,West End Little Cayman FSA,Cayman Islands,West End Little Cayman FSA,Epinephelus ,striatus,,,,,,GrouperMoonProject@REEF.org,Brian,,grouperspotter@REEF.org,,,,alive,adult,,,,,,GMP_021015_afternoon_20cmlasers_brian_1__00_11_26_500__2746_ID203_box2953.jpg,
GMP_021015_afternoon_20cmlasers_brian_1_2015_2_10,2015,,2,10,13.0,,19.64998,-80.12083,West End Little Cayman FSA,Cayman Islands,West End Little Cayman FSA,Epinephelus ,striatus,,,,,,GrouperMoonProject@REEF.org,Brian,,grouperspotter@REEF.org,,,,alive,adult,,,,,,GMP_021015_afternoon_20cmlasers_brian_1__00_11_28_250__2753_ID203_box2969.jpg,
GMP_021015_afternoon_20cmlasers_brian_1_2015_2_10,2015,,2,10,13.0,,19.64998,-80.12083,West End Little Cayman FSA,Cayman Islands,West End Little Cayman FSA,Epinephelus ,striatus,,,,,,GrouperMoonProject@REEF.org,Brian,,grouperspotter@REEF.org,,,,alive,adult,,,,,,GMP_021015_afternoon_20cmlasers_brian_1__00_11_42_00__2808_ID218_box3044.jpg,
GMP_021015_afternoon_20cmlasers_brian_1_2015_2_10,2015,,2,10,13.0,,19.64998,-80.12083,West End Little Cayman FSA,Cayman Islands,West End Little Cayman FSA,Epinephelus ,striatus,,,,,,GrouperMoonProject@REEF.org,Brian,,grouperspotter@REEF.org,,,,alive,adult,,,,,,GMP_021015_afternoon_20cmlasers_brian_1__00_11_45_500__2822_ID218_box3067.jpg,
GMP_021015_afternoon_20cmlasers_brian_1_2015_2_10,2015,,2,10,13.0,,19.64998,-80.12083,West End Little Cayman FSA,Cayman Islands,West End Little Cayman FSA,Epinephelus ,striatus,,,,,,GrouperMoonProject@REEF.org,Brian,,grouperspotter@REEF.org,,,,alive,adult,,,,,,GMP_021015_afternoon_20cmlasers_brian_1__00_11_46_250__2825_ID220_box3071.jpg,
GMP_021015_afternoon_20cmlasers_brian_1_2015_2_10,2015,,2,10,13.0,,19.64998,-80.12083,West End Little Cayman FSA,Cayman Islands,West End Little Cayman FSA,Epinephelus ,striatus,,,,,,GrouperMoonProject@REEF.org,Brian,,grouperspotter@REEF.org,,,,alive,adult,,,,,,GMP_021015_afternoon_20cmlasers_brian_1__00_12_18_00__2952_ID235_box3217.jpg,
GMP_021015_afternoon_20cmlasers_brian_1_2015_2_10,2015,,2,10,13.0,,19.64998,-80.12083,West End Little Cayman FSA,Cayman Islands,West End Little Cayman FSA,Epinephelus ,striatus,,,,,,GrouperMoonProject@REEF.org,Brian,,grouperspotter@REEF.org,,,,alive,adult,,,,,,GMP_021015_afternoon_20cmlasers_brian_1__00_12_39_500__3038_ID240_box3306.jpg,
GMP_021015_afternoon_20cmlasers_brian_1_2015_2_10,2015,,2,10,13.0,,19.64998,-80.12083,West End Little Cayman FSA,Cayman Islands,West End Little Cayman FSA,Epinephelus ,striatus,,,,,,GrouperMoonProject@REEF.org,Brian,,grouperspotter@REEF.org,,,,alive,adult,,,,,,GMP_021015_afternoon_20cmlasers_brian_1__00_13_54_00__3336_ID261_box3650.jpg,
GMP_021015_afternoon_20cmlasers_brian_1_2015_2_10,2015,,2,10,13.0,,19.64998,-80.12083,West End Little Cayman FSA,Cayman Islands,West End Little Cayman FSA,Epinephelus ,striatus,,,,,,GrouperMoonProject@REEF.org,Brian,,grouperspotter@REEF.org,,,,alive,adult,,,,,,GMP_021015_afternoon_20cmlasers_brian_1__00_13_56_250__3345_ID261_box3667.jpg,
GMP_021015_afternoon_20cmlasers_brian_1_2015_2_10,2015,,2,10,13.0,,19.64998,-80.12083,West End Little Cayman FSA,Cayman Islands,West End Little Cayman FSA,Epinephelus ,striatus,,,,,,GrouperMoonProject@REEF.org,Brian,,grouperspotter@REEF.org,,,,alive,adult,,,,,,GMP_021015_afternoon_20cmlasers_brian_1__00_14_32_500__3490_ID287_box3845.jpg,
GMP_021015_afternoon_20cmlasers_brian_1_2015_2_10,2015,,2,10,13.0,,19.64998,-80.12083,West End Little Cayman FSA,Cayman Islands,West End Little Cayman FSA,Epinephelus ,striatus,,,,,,GrouperMoonProject@REEF.org,Brian,,grouperspotter@REEF.org,,,,alive,adult,,,,,,GMP_021015_afternoon_20cmlasers_brian_1__00_15_18_750__3675_ID299_box4037.jpg,
